step	accuracy
0	0.574874997138977
1	0.6200000047683716
2	0.6445000171661377
3	0.6582499742507935
4	0.6637499928474426
5	0.6643750071525574
6	0.6729999780654907
7	0.6963750123977661
8	0.6919999718666077
9	0.6984999775886536
