step	accuracy
0	0.6360887289047241
1	0.6582661271095276
2	0.6794354915618896
3	0.6769153475761414
4	0.6819556355476379
5	0.7016128897666931
6	0.703125
7	0.6088709831237793
8	0.7288306355476379
9	0.6915322542190552
