step	accuracy
0	0.6033266186714172
1	0.5861895084381104
2	0.6567540168762207
3	0.6678427457809448
4	0.7091733813285828
5	0.7172378897666931
6	0.6940523982048035
7	0.7142137289047241
8	0.7338709831237793
9	0.741431474685669
