step	accuracy
0	0.4791666567325592
1	0.5208333134651184
2	0.4791666567325592
3	0.5208333134651184
4	0.4791666567325592
5	0.5208333134651184
6	0.5208333134651184
7	0.4791666567325592
8	0.4791666567325592
9	0.5208333134651184
