step	accuracy
0	0.5519153475761414
1	0.6260080933570862
