step	accuracy
0	0.5
1	0.4947916567325592
2	0.5114583373069763
3	0.6499999761581421
4	0.546875
5	0.574999988079071
6	0.5760416388511658
7	0.6072916388511658
8	0.6385416388511658
9	0.6416666507720947
