step	accuracy
0	0.6350806355476379
1	0.6638104915618896
2	0.6728830933570862
