step	loss
0	0.6886738538742065
1	0.6283357739448547
