step	loss
0	0.6860867142677307
1	0.688704788684845
2	0.6825209856033325
3	0.6632826328277588
4	0.6921263337135315
5	0.6856273412704468
6	0.6578863859176636
7	0.6480852961540222
8	0.6443376541137695
9	0.638940155506134
