step	loss
0	0.695490300655365
1	0.6923423409461975
2	0.6939381957054138
3	0.6928795576095581
4	0.6935571432113647
5	0.6924303770065308
6	0.6924629807472229
7	0.6936502456665039
8	0.6933718919754028
9	0.6929093599319458
