step	loss
0	0.6495025157928467
1	0.7552684545516968
2	0.617879331111908
3	0.6088029146194458
4	0.5659758448600769
5	0.5557392239570618
6	0.5871702432632446
7	0.5752899646759033
8	0.5509356260299683
9	0.5262499451637268
