step	loss
0	0.6483033895492554
1	0.6141875386238098
2	0.6099855303764343
