step	accuracy
0	0.5691249966621399
1	0.625124990940094
2	0.6470000147819519
