step	accuracy
0	0.5600000023841858
1	0.6069999933242798
