step	accuracy
0	0.4845041334629059
1	0.49896693229675293
2	0.4969008266925812
3	0.4653925597667694
4	0.4974173605442047
5	0.5092975497245789
6	0.4746900796890259
7	0.4932851195335388
8	0.4984503984451294
9	0.4917355477809906
