step	accuracy
0	0.5201446413993835
1	0.5340909361839294
2	0.5630165338516235
3	0.5717975497245789
4	0.6043388247489929
5	0.6384297609329224
6	0.5929751992225647
7	0.6260330677032471
8	0.6342975497245789
9	0.6342975497245789
