step	loss
0	0.6852928996086121
1	0.6425615549087524
2	0.6248363256454468
3	0.618644654750824
4	0.6026945114135742
5	0.6069148778915405
6	0.5943159461021423
7	0.5757160782814026
8	0.5803888440132141
9	0.5655180215835571
