step	loss
0	0.6910462379455566
1	0.6486468315124512
2	0.6310949325561523
