step	loss
0	0.7219651341438293
1	0.6354833245277405
2	0.628275454044342
3	0.6228206157684326
4	0.6098739504814148
5	0.5926605463027954
6	0.5861601829528809
7	0.5717981457710266
8	0.5765499472618103
9	0.5683577060699463
