step	loss
0	2.8300087451934814
1	0.6936355829238892
2	0.6939109563827515
3	0.6935034394264221
4	0.6934667825698853
5	0.6932996511459351
6	0.6938974261283875
7	0.6934158205986023
8	0.6933640837669373
9	0.6933023929595947
