step	loss
0	0.7192009091377258
1	0.6506717205047607
