step	loss
0	0.6274934411048889
1	0.6084849238395691
2	0.5853199362754822
3	0.5963382720947266
4	0.5811259150505066
5	0.5684274435043335
6	0.5672567486763
7	0.6308733224868774
8	0.5215926170349121
9	0.5856596827507019
